customer_id,industry,employee_count,region,company_age_years,lead_source,observed_at,won_flag
C0001,Manufacturing,11,Fukuoka,38,webinar,2026-04-11T00:00:00.000Z,1
C0002,Manufacturing,8,Osaka,21,web,2026-04-11T00:00:00.000Z,1
C0003,Manufacturing,12,Tokyo,3,partner,2026-04-11T00:00:00.000Z,1
C0004,Manufacturing,16,Sapporo,10,event,2026-04-11T00:00:00.000Z,1
C0005,Manufacturing,14,Nagoya,10,referral,2026-04-11T00:00:00.000Z,1
C0006,Manufacturing,18,Tokyo,28,referral,2026-04-11T00:00:00.000Z,1
C0007,Manufacturing,15,Nagoya,19,partner,2026-04-11T00:00:00.000Z,1
C0008,Manufacturing,13,Nagoya,15,event,2026-04-11T00:00:00.000Z,1
C0009,Manufacturing,17,Nagoya,7,partner,2026-04-11T00:00:00.000Z,1
C0010,Manufacturing,14,Nagoya,9,webinar,2026-04-11T00:00:00.000Z,1
C0011,Manufacturing,16,Osaka,13,partner,2026-04-11T00:00:00.000Z,1
C0012,Manufacturing,14,Sapporo,25,partner,2026-04-11T00:00:00.000Z,1
C0013,Manufacturing,8,Nagoya,11,referral,2026-04-11T00:00:00.000Z,1
C0014,Manufacturing,11,Fukuoka,17,event,2026-04-11T00:00:00.000Z,1
C0015,Manufacturing,10,Tokyo,34,webinar,2026-04-11T00:00:00.000Z,1
C0016,Manufacturing,18,Osaka,37,web,2026-04-11T00:00:00.000Z,1
C0017,Manufacturing,16,Tokyo,13,referral,2026-04-11T00:00:00.000Z,1
C0018,Manufacturing,15,Osaka,36,partner,2026-04-11T00:00:00.000Z,1
C0019,Manufacturing,9,Tokyo,18,webinar,2026-04-11T00:00:00.000Z,1
C0020,Manufacturing,13,Osaka,22,partner,2026-04-11T00:00:00.000Z,1
C0021,Manufacturing,19,Fukuoka,15,webinar,2026-04-11T00:00:00.000Z,1
C0022,Manufacturing,13,Sapporo,21,event,2026-04-11T00:00:00.000Z,1
C0023,Manufacturing,14,Osaka,31,referral,2026-04-11T00:00:00.000Z,1
C0024,Manufacturing,19,Sapporo,38,partner,2026-04-11T00:00:00.000Z,1
C0025,Manufacturing,16,Fukuoka,2,partner,2026-04-11T00:00:00.000Z,0
C0026,Manufacturing,13,Sapporo,16,event,2026-04-11T00:00:00.000Z,0
C0027,Manufacturing,17,Sapporo,28,referral,2026-04-11T00:00:00.000Z,0
C0028,Manufacturing,15,Tokyo,35,web,2026-04-11T00:00:00.000Z,0
C0029,Manufacturing,9,Nagoya,38,partner,2026-04-11T00:00:00.000Z,0
C0030,Manufacturing,20,Fukuoka,29,webinar,2026-04-11T00:00:00.000Z,0
C0031,Manufacturing,18,Nagoya,34,web,2026-04-11T00:00:00.000Z,0
C0032,Manufacturing,13,Sapporo,33,web,2026-04-11T00:00:00.000Z,0
C0033,Manufacturing,15,Osaka,35,referral,2026-04-11T00:00:00.000Z,0
C0034,Manufacturing,18,Sapporo,13,web,2026-04-11T00:00:00.000Z,0
C0035,Manufacturing,12,Sapporo,21,web,2026-04-11T00:00:00.000Z,0
C0036,Manufacturing,20,Tokyo,11,webinar,2026-04-11T00:00:00.000Z,0
C0037,Manufacturing,16,Nagoya,2,web,2026-04-11T00:00:00.000Z,0
C0038,Manufacturing,13,Sapporo,14,event,2026-04-11T00:00:00.000Z,0
C0039,Manufacturing,12,Sapporo,7,referral,2026-04-11T00:00:00.000Z,0
C0040,Manufacturing,18,Nagoya,20,event,2026-04-11T00:00:00.000Z,0
C0041,Manufacturing,15,Tokyo,31,partner,2026-04-11T00:00:00.000Z,0
C0042,Manufacturing,12,Fukuoka,25,web,2026-04-11T00:00:00.000Z,0
C0043,Manufacturing,16,Tokyo,19,partner,2026-04-11T00:00:00.000Z,0
C0044,Manufacturing,20,Osaka,13,web,2026-04-11T00:00:00.000Z,0
C0045,Manufacturing,9,Sapporo,20,web,2026-04-11T00:00:00.000Z,0
C0046,Manufacturing,11,Fukuoka,23,webinar,2026-04-11T00:00:00.000Z,0
C0047,Manufacturing,15,Sapporo,9,referral,2026-04-11T00:00:00.000Z,0
C0048,Manufacturing,12,Osaka,13,web,2026-04-11T00:00:00.000Z,0
C0049,Healthcare,76,Sapporo,22,event,2026-04-11T00:00:00.000Z,1
C0050,SaaS,61,Tokyo,6,referral,2026-04-11T00:00:00.000Z,1
C0051,Retail,229,Sapporo,38,web,2026-04-11T00:00:00.000Z,1
C0052,Manufacturing,198,Nagoya,11,referral,2026-04-11T00:00:00.000Z,1
C0053,Logistics,152,Sapporo,36,web,2026-04-11T00:00:00.000Z,1
C0054,Logistics,266,Osaka,21,web,2026-04-11T00:00:00.000Z,1
C0055,Logistics,277,Sapporo,39,web,2026-04-11T00:00:00.000Z,1
C0056,Logistics,69,Tokyo,25,event,2026-04-11T00:00:00.000Z,1
C0057,Healthcare,232,Fukuoka,2,web,2026-04-11T00:00:00.000Z,1
C0058,SaaS,51,Osaka,4,referral,2026-04-11T00:00:00.000Z,0
C0059,SaaS,189,Osaka,34,referral,2026-04-11T00:00:00.000Z,1
C0060,Retail,202,Fukuoka,35,web,2026-04-11T00:00:00.000Z,1
C0061,Logistics,70,Tokyo,19,webinar,2026-04-11T00:00:00.000Z,1
C0062,Logistics,43,Osaka,37,partner,2026-04-11T00:00:00.000Z,0
C0063,Manufacturing,136,Sapporo,35,web,2026-04-11T00:00:00.000Z,1
C0064,SaaS,164,Fukuoka,6,web,2026-04-11T00:00:00.000Z,1
C0065,Manufacturing,174,Tokyo,22,webinar,2026-04-11T00:00:00.000Z,0
C0066,Healthcare,99,Osaka,34,referral,2026-04-11T00:00:00.000Z,0
C0067,Healthcare,150,Sapporo,18,partner,2026-04-11T00:00:00.000Z,0
C0068,Manufacturing,90,Fukuoka,25,event,2026-04-11T00:00:00.000Z,0
C0069,Healthcare,138,Tokyo,25,web,2026-04-11T00:00:00.000Z,0
C0070,Retail,146,Tokyo,25,webinar,2026-04-11T00:00:00.000Z,0
C0071,SaaS,199,Nagoya,28,webinar,2026-04-11T00:00:00.000Z,0
C0072,Healthcare,40,Sapporo,33,web,2026-04-11T00:00:00.000Z,0
C0073,Healthcare,128,Fukuoka,4,web,2026-04-11T00:00:00.000Z,0
C0074,Retail,33,Nagoya,23,partner,2026-04-11T00:00:00.000Z,0
C0075,Healthcare,237,Nagoya,26,referral,2026-04-11T00:00:00.000Z,0
C0076,Retail,149,Osaka,33,web,2026-04-11T00:00:00.000Z,0
C0077,Logistics,272,Tokyo,12,partner,2026-04-11T00:00:00.000Z,0
C0078,Manufacturing,182,Osaka,26,event,2026-04-11T00:00:00.000Z,0
C0079,Logistics,164,Nagoya,22,referral,2026-04-11T00:00:00.000Z,0
C0080,Healthcare,51,Nagoya,33,web,2026-04-11T00:00:00.000Z,0
C0081,Logistics,202,Sapporo,6,referral,2026-04-11T00:00:00.000Z,0
C0082,Healthcare,218,Osaka,35,webinar,2026-04-11T00:00:00.000Z,0
C0083,Logistics,262,Tokyo,6,web,2026-04-11T00:00:00.000Z,0
C0084,Retail,107,Fukuoka,3,webinar,2026-04-11T00:00:00.000Z,0
C0085,Manufacturing,262,Osaka,19,webinar,2026-04-11T00:00:00.000Z,0
C0086,SaaS,163,Osaka,7,webinar,2026-04-11T00:00:00.000Z,0
C0087,Manufacturing,288,Sapporo,37,referral,2026-04-11T00:00:00.000Z,0
C0088,SaaS,193,Osaka,19,event,2026-04-11T00:00:00.000Z,0
C0089,SaaS,216,Nagoya,26,webinar,2026-04-11T00:00:00.000Z,0
C0090,SaaS,117,Nagoya,14,web,2026-04-11T00:00:00.000Z,0
C0091,Manufacturing,102,Fukuoka,9,partner,2026-04-11T00:00:00.000Z,0
C0092,Manufacturing,185,Fukuoka,14,web,2026-04-11T00:00:00.000Z,0
C0093,Retail,69,Osaka,23,partner,2026-04-11T00:00:00.000Z,0
C0094,SaaS,45,Osaka,12,web,2026-04-11T00:00:00.000Z,0
C0095,Healthcare,45,Nagoya,21,referral,2026-04-11T00:00:00.000Z,0
C0096,Healthcare,120,Osaka,31,webinar,2026-04-11T00:00:00.000Z,0
C0097,SaaS,197,Sapporo,5,referral,2026-04-11T00:00:00.000Z,0
C0098,SaaS,57,Fukuoka,10,referral,2026-04-11T00:00:00.000Z,1
C0099,Retail,53,Fukuoka,38,web,2026-04-11T00:00:00.000Z,0
C0100,Healthcare,26,Tokyo,16,partner,2026-04-11T00:00:00.000Z,0
C0101,Retail,203,Nagoya,29,webinar,2026-04-11T00:00:00.000Z,0
C0102,SaaS,249,Nagoya,17,partner,2026-04-11T00:00:00.000Z,0
C0103,Logistics,257,Fukuoka,13,web,2026-04-11T00:00:00.000Z,0
C0104,Healthcare,42,Osaka,1,webinar,2026-04-11T00:00:00.000Z,0
C0105,Healthcare,153,Osaka,18,webinar,2026-04-11T00:00:00.000Z,0
C0106,SaaS,194,Nagoya,9,event,2026-04-11T00:00:00.000Z,0
C0107,Manufacturing,117,Fukuoka,25,partner,2026-04-11T00:00:00.000Z,0
C0108,SaaS,64,Nagoya,25,partner,2026-04-11T00:00:00.000Z,0
C0109,Retail,176,Sapporo,21,event,2026-04-11T00:00:00.000Z,0
C0110,SaaS,195,Sapporo,30,webinar,2026-04-11T00:00:00.000Z,0
C0111,Logistics,274,Osaka,24,web,2026-04-11T00:00:00.000Z,0
C0112,Healthcare,59,Tokyo,22,referral,2026-04-11T00:00:00.000Z,0
C0113,Healthcare,189,Osaka,24,partner,2026-04-11T00:00:00.000Z,0
C0114,SaaS,173,Nagoya,16,webinar,2026-04-11T00:00:00.000Z,0
C0115,Healthcare,148,Sapporo,8,event,2026-04-11T00:00:00.000Z,0
C0116,Retail,113,Fukuoka,25,event,2026-04-11T00:00:00.000Z,0
C0117,SaaS,57,Fukuoka,40,web,2026-04-11T00:00:00.000Z,0
C0118,Retail,207,Sapporo,12,webinar,2026-04-11T00:00:00.000Z,0
C0119,SaaS,42,Fukuoka,36,webinar,2026-04-11T00:00:00.000Z,0
C0120,SaaS,244,Osaka,24,referral,2026-04-11T00:00:00.000Z,0
C0121,Retail,251,Sapporo,13,event,2026-04-11T00:00:00.000Z,0
C0122,Retail,42,Tokyo,29,partner,2026-04-11T00:00:00.000Z,1
C0123,Manufacturing,138,Osaka,37,partner,2026-04-11T00:00:00.000Z,1
C0124,Retail,303,Fukuoka,37,web,2026-04-11T00:00:00.000Z,1
C0125,Manufacturing,33,Tokyo,3,web,2026-04-11T00:00:00.000Z,0
C0126,Manufacturing,18,Tokyo,16,web,2026-04-11T00:00:00.000Z,0
C0127,SaaS,205,Nagoya,8,web,2026-04-11T00:00:00.000Z,1
C0128,SaaS,117,Osaka,7,partner,2026-04-11T00:00:00.000Z,1
C0129,Manufacturing,82,Osaka,13,event,2026-04-11T00:00:00.000Z,0
C0130,Manufacturing,25,Tokyo,15,webinar,2026-04-11T00:00:00.000Z,1
C0131,Healthcare,68,Fukuoka,45,referral,2026-04-11T00:00:00.000Z,1
C0132,Healthcare,219,Osaka,6,partner,2026-04-11T00:00:00.000Z,1
C0133,SaaS,82,Tokyo,18,web,2026-04-11T00:00:00.000Z,1
C0134,Healthcare,273,Sapporo,4,web,2026-04-11T00:00:00.000Z,1
C0135,Manufacturing,26,Tokyo,45,web,2026-04-11T00:00:00.000Z,0
C0136,Manufacturing,283,Osaka,12,webinar,2026-04-11T00:00:00.000Z,1
C0137,SaaS,131,Tokyo,38,partner,2026-04-11T00:00:00.000Z,0
C0138,Logistics,59,Osaka,27,web,2026-04-11T00:00:00.000Z,1
C0139,Manufacturing,29,Sapporo,43,referral,2026-04-11T00:00:00.000Z,0
C0140,Manufacturing,185,Fukuoka,10,webinar,2026-04-11T00:00:00.000Z,0
C0141,Retail,69,Osaka,39,partner,2026-04-11T00:00:00.000Z,1
C0142,SaaS,65,Fukuoka,31,webinar,2026-04-11T00:00:00.000Z,1
C0143,SaaS,66,Osaka,33,webinar,2026-04-11T00:00:00.000Z,1
C0144,Logistics,221,Nagoya,23,partner,2026-04-11T00:00:00.000Z,1
C0145,Healthcare,186,Sapporo,39,webinar,2026-04-11T00:00:00.000Z,1
C0146,Healthcare,119,Sapporo,5,referral,2026-04-11T00:00:00.000Z,1
C0147,Manufacturing,42,Fukuoka,18,referral,2026-04-11T00:00:00.000Z,1
C0148,Logistics,80,Fukuoka,24,partner,2026-04-11T00:00:00.000Z,0
C0149,Logistics,279,Tokyo,12,webinar,2026-04-11T00:00:00.000Z,0
C0150,SaaS,215,Nagoya,8,webinar,2026-04-11T00:00:00.000Z,1
C0151,Manufacturing,146,Nagoya,16,web,2026-04-11T00:00:00.000Z,1
C0152,Manufacturing,316,Nagoya,37,partner,2026-04-11T00:00:00.000Z,1
C0153,Manufacturing,20,Sapporo,27,webinar,2026-04-11T00:00:00.000Z,1
C0154,Healthcare,134,Tokyo,17,web,2026-04-11T00:00:00.000Z,1
C0155,Healthcare,296,Nagoya,24,webinar,2026-04-11T00:00:00.000Z,0
C0156,Logistics,56,Nagoya,27,referral,2026-04-11T00:00:00.000Z,1
C0157,Logistics,36,Nagoya,11,webinar,2026-04-11T00:00:00.000Z,1
C0158,SaaS,110,Nagoya,32,event,2026-04-11T00:00:00.000Z,0
C0159,Healthcare,341,Tokyo,45,event,2026-04-11T00:00:00.000Z,1
C0160,SaaS,234,Osaka,18,web,2026-04-11T00:00:00.000Z,1
C0161,Logistics,297,Osaka,2,webinar,2026-04-11T00:00:00.000Z,1
C0162,Manufacturing,84,Osaka,44,webinar,2026-04-11T00:00:00.000Z,0
C0163,Manufacturing,262,Osaka,12,referral,2026-04-11T00:00:00.000Z,1
C0164,Retail,238,Nagoya,12,referral,2026-04-11T00:00:00.000Z,0
C0165,SaaS,88,Nagoya,6,webinar,2026-04-11T00:00:00.000Z,0
C0166,Manufacturing,42,Tokyo,32,web,2026-04-11T00:00:00.000Z,1
C0167,Manufacturing,37,Nagoya,4,referral,2026-04-11T00:00:00.000Z,1
C0168,Healthcare,153,Fukuoka,23,event,2026-04-11T00:00:00.000Z,0
C0169,SaaS,132,Nagoya,10,web,2026-04-11T00:00:00.000Z,0
C0170,SaaS,211,Sapporo,14,webinar,2026-04-11T00:00:00.000Z,1
C0171,Healthcare,258,Fukuoka,15,partner,2026-04-11T00:00:00.000Z,0
C0172,SaaS,79,Osaka,11,referral,2026-04-11T00:00:00.000Z,1
C0173,Manufacturing,248,Nagoya,13,web,2026-04-11T00:00:00.000Z,1
C0174,Manufacturing,15,Nagoya,34,web,2026-04-11T00:00:00.000Z,1
C0175,SaaS,102,Osaka,8,partner,2026-04-11T00:00:00.000Z,1
C0176,Manufacturing,34,Fukuoka,45,partner,2026-04-11T00:00:00.000Z,0
C0177,Retail,335,Nagoya,19,partner,2026-04-11T00:00:00.000Z,1
C0178,Manufacturing,90,Tokyo,41,web,2026-04-11T00:00:00.000Z,1
C0179,Healthcare,186,Sapporo,19,partner,2026-04-11T00:00:00.000Z,1
C0180,SaaS,47,Nagoya,6,event,2026-04-11T00:00:00.000Z,1
C0181,Logistics,161,Fukuoka,33,webinar,2026-04-11T00:00:00.000Z,1
C0182,Retail,222,Sapporo,39,web,2026-04-11T00:00:00.000Z,1
C0183,Logistics,138,Nagoya,1,event,2026-04-11T00:00:00.000Z,1
C0184,Healthcare,173,Osaka,4,partner,2026-04-11T00:00:00.000Z,0
C0185,Healthcare,139,Sapporo,22,referral,2026-04-11T00:00:00.000Z,1
C0186,Manufacturing,48,Fukuoka,10,web,2026-04-11T00:00:00.000Z,0
C0187,Logistics,124,Nagoya,22,web,2026-04-11T00:00:00.000Z,0
C0188,Manufacturing,199,Osaka,6,partner,2026-04-11T00:00:00.000Z,1
C0189,SaaS,212,Osaka,22,partner,2026-04-11T00:00:00.000Z,1
C0190,SaaS,68,Tokyo,43,webinar,2026-04-11T00:00:00.000Z,1
C0191,Manufacturing,82,Tokyo,45,referral,2026-04-11T00:00:00.000Z,1
C0192,SaaS,89,Tokyo,42,web,2026-04-11T00:00:00.000Z,1
C0193,Manufacturing,268,Tokyo,38,web,2026-04-11T00:00:00.000Z,1
C0194,Manufacturing,258,Nagoya,30,web,2026-04-11T00:00:00.000Z,1
C0195,Manufacturing,234,Sapporo,11,web,2026-04-11T00:00:00.000Z,1
C0196,Retail,93,Sapporo,18,webinar,2026-04-11T00:00:00.000Z,0
C0197,Logistics,103,Fukuoka,24,event,2026-04-11T00:00:00.000Z,0
C0198,Manufacturing,14,Tokyo,43,partner,2026-04-11T00:00:00.000Z,1
C0199,Retail,227,Tokyo,6,partner,2026-04-11T00:00:00.000Z,1
C0200,SaaS,170,Fukuoka,22,web,2026-04-11T00:00:00.000Z,0
C0201,Manufacturing,51,Tokyo,21,web,2026-04-11T00:00:00.000Z,1
C0202,Healthcare,305,Osaka,22,web,2026-04-11T00:00:00.000Z,0
C0203,Manufacturing,77,Fukuoka,25,webinar,2026-04-11T00:00:00.000Z,0
C0204,SaaS,149,Fukuoka,45,web,2026-04-11T00:00:00.000Z,0
C0205,Logistics,198,Nagoya,41,webinar,2026-04-11T00:00:00.000Z,0
C0206,SaaS,93,Nagoya,17,referral,2026-04-11T00:00:00.000Z,1
C0207,Manufacturing,29,Fukuoka,17,partner,2026-04-11T00:00:00.000Z,1
C0208,Logistics,277,Sapporo,11,event,2026-04-11T00:00:00.000Z,0
C0209,SaaS,79,Osaka,33,partner,2026-04-11T00:00:00.000Z,0
C0210,Manufacturing,208,Sapporo,30,web,2026-04-11T00:00:00.000Z,1
C0211,Healthcare,374,Nagoya,24,partner,2026-04-11T00:00:00.000Z,0
C0212,SaaS,207,Nagoya,14,partner,2026-04-11T00:00:00.000Z,1
C0213,Manufacturing,39,Osaka,16,webinar,2026-04-11T00:00:00.000Z,1
C0214,Retail,42,Nagoya,34,partner,2026-04-11T00:00:00.000Z,0
C0215,Manufacturing,27,Tokyo,14,event,2026-04-11T00:00:00.000Z,1
C0216,Manufacturing,11,Osaka,8,web,2026-04-11T00:00:00.000Z,0
C0217,Healthcare,167,Nagoya,29,partner,2026-04-11T00:00:00.000Z,0
C0218,Retail,419,Sapporo,39,webinar,2026-04-11T00:00:00.000Z,1
C0219,Manufacturing,87,Tokyo,40,web,2026-04-11T00:00:00.000Z,1
C0220,Manufacturing,300,Tokyo,7,referral,2026-04-11T00:00:00.000Z,0
C0221,Retail,213,Tokyo,17,webinar,2026-04-11T00:00:00.000Z,1
C0222,Manufacturing,122,Fukuoka,20,event,2026-04-11T00:00:00.000Z,1
C0223,SaaS,27,Tokyo,18,partner,2026-04-11T00:00:00.000Z,0
C0224,Manufacturing,49,Nagoya,16,web,2026-04-11T00:00:00.000Z,1
C0225,Manufacturing,186,Fukuoka,45,event,2026-04-11T00:00:00.000Z,0
C0226,Logistics,276,Nagoya,34,web,2026-04-11T00:00:00.000Z,0
C0227,Healthcare,158,Osaka,29,webinar,2026-04-11T00:00:00.000Z,0
C0228,SaaS,157,Sapporo,24,referral,2026-04-11T00:00:00.000Z,1
C0229,Healthcare,124,Fukuoka,18,web,2026-04-11T00:00:00.000Z,1
C0230,SaaS,67,Tokyo,22,event,2026-04-11T00:00:00.000Z,1
C0231,Manufacturing,25,Osaka,39,partner,2026-04-11T00:00:00.000Z,1
C0232,Retail,192,Nagoya,27,referral,2026-04-11T00:00:00.000Z,0
C0233,Manufacturing,192,Osaka,16,webinar,2026-04-11T00:00:00.000Z,1
C0234,SaaS,91,Sapporo,23,referral,2026-04-11T00:00:00.000Z,1
C0235,Manufacturing,15,Sapporo,41,webinar,2026-04-11T00:00:00.000Z,1
C0236,Healthcare,134,Nagoya,35,partner,2026-04-11T00:00:00.000Z,1
C0237,Manufacturing,21,Fukuoka,26,event,2026-04-11T00:00:00.000Z,1
C0238,Manufacturing,109,Osaka,30,web,2026-04-11T00:00:00.000Z,1
C0239,Retail,48,Tokyo,2,web,2026-04-11T00:00:00.000Z,0
C0240,SaaS,240,Tokyo,40,event,2026-04-11T00:00:00.000Z,0
C0241,SaaS,246,Osaka,13,partner,2026-04-11T00:00:00.000Z,1
C0242,SaaS,116,Tokyo,41,partner,2026-04-11T00:00:00.000Z,1
C0243,Retail,22,Osaka,18,partner,2026-04-11T00:00:00.000Z,1
C0244,Manufacturing,61,Tokyo,31,web,2026-04-11T00:00:00.000Z,1
C0245,Manufacturing,80,Tokyo,32,web,2026-04-11T00:00:00.000Z,0
C0246,SaaS,193,Osaka,16,webinar,2026-04-11T00:00:00.000Z,1
C0247,Healthcare,157,Tokyo,16,web,2026-04-11T00:00:00.000Z,0
C0248,Manufacturing,15,Tokyo,30,web,2026-04-11T00:00:00.000Z,1
C0249,SaaS,142,Fukuoka,35,webinar,2026-04-11T00:00:00.000Z,0
C0250,Healthcare,352,Nagoya,29,web,2026-04-11T00:00:00.000Z,0
C0251,Manufacturing,61,Tokyo,20,referral,2026-04-11T00:00:00.000Z,1
C0252,Logistics,129,Fukuoka,19,referral,2026-04-11T00:00:00.000Z,1
C0253,Manufacturing,158,Fukuoka,36,event,2026-04-11T00:00:00.000Z,1
C0254,Retail,47,Tokyo,27,webinar,2026-04-11T00:00:00.000Z,1
C0255,Manufacturing,71,Sapporo,24,web,2026-04-11T00:00:00.000Z,1
C0256,SaaS,199,Sapporo,18,partner,2026-04-11T00:00:00.000Z,0
C0257,Manufacturing,42,Nagoya,33,web,2026-04-11T00:00:00.000Z,1
C0258,Manufacturing,169,Tokyo,26,partner,2026-04-11T00:00:00.000Z,1
C0259,Retail,80,Nagoya,7,partner,2026-04-11T00:00:00.000Z,1
C0260,Manufacturing,81,Tokyo,3,partner,2026-04-11T00:00:00.000Z,1
C0261,Manufacturing,30,Osaka,29,partner,2026-04-11T00:00:00.000Z,1
C0262,SaaS,235,Sapporo,11,webinar,2026-04-11T00:00:00.000Z,1
C0263,Manufacturing,43,Osaka,34,referral,2026-04-11T00:00:00.000Z,1
C0264,SaaS,248,Fukuoka,43,web,2026-04-11T00:00:00.000Z,0
C0265,Manufacturing,33,Osaka,20,web,2026-04-11T00:00:00.000Z,1
C0266,Logistics,38,Fukuoka,26,referral,2026-04-11T00:00:00.000Z,1
C0267,Retail,315,Nagoya,17,webinar,2026-04-11T00:00:00.000Z,1
C0268,Manufacturing,48,Osaka,23,web,2026-04-11T00:00:00.000Z,1
C0269,Healthcare,345,Nagoya,11,partner,2026-04-11T00:00:00.000Z,1
C0270,Healthcare,46,Nagoya,3,web,2026-04-11T00:00:00.000Z,0
C0271,Manufacturing,68,Fukuoka,41,referral,2026-04-11T00:00:00.000Z,1
C0272,Logistics,55,Osaka,21,web,2026-04-11T00:00:00.000Z,0
C0273,Manufacturing,32,Osaka,1,web,2026-04-11T00:00:00.000Z,1
C0274,Manufacturing,12,Fukuoka,25,referral,2026-04-11T00:00:00.000Z,1
C0275,Manufacturing,37,Fukuoka,5,partner,2026-04-11T00:00:00.000Z,1
C0276,Manufacturing,45,Nagoya,5,web,2026-04-11T00:00:00.000Z,0
C0277,Healthcare,332,Fukuoka,20,event,2026-04-11T00:00:00.000Z,0
C0278,SaaS,185,Osaka,37,webinar,2026-04-11T00:00:00.000Z,0
C0279,Manufacturing,78,Osaka,40,referral,2026-04-11T00:00:00.000Z,1
C0280,Manufacturing,23,Sapporo,14,web,2026-04-11T00:00:00.000Z,1
C0281,Manufacturing,26,Osaka,2,event,2026-04-11T00:00:00.000Z,0
C0282,Retail,40,Tokyo,12,web,2026-04-11T00:00:00.000Z,1
C0283,Manufacturing,84,Tokyo,14,web,2026-04-11T00:00:00.000Z,1
C0284,SaaS,36,Fukuoka,27,referral,2026-04-11T00:00:00.000Z,1
C0285,Manufacturing,27,Osaka,33,referral,2026-04-11T00:00:00.000Z,1
C0286,Manufacturing,52,Nagoya,25,partner,2026-04-11T00:00:00.000Z,1
C0287,SaaS,237,Sapporo,18,web,2026-04-11T00:00:00.000Z,0
C0288,SaaS,78,Tokyo,16,web,2026-04-11T00:00:00.000Z,1
C0289,SaaS,216,Tokyo,20,partner,2026-04-11T00:00:00.000Z,1
C0290,Healthcare,200,Osaka,2,web,2026-04-11T00:00:00.000Z,0
C0291,Manufacturing,13,Tokyo,14,webinar,2026-04-11T00:00:00.000Z,0
C0292,Logistics,279,Tokyo,44,referral,2026-04-11T00:00:00.000Z,1
C0293,Healthcare,224,Nagoya,4,webinar,2026-04-11T00:00:00.000Z,0
C0294,Manufacturing,83,Fukuoka,16,webinar,2026-04-11T00:00:00.000Z,0
C0295,Logistics,86,Nagoya,30,web,2026-04-11T00:00:00.000Z,1
C0296,Healthcare,306,Osaka,33,referral,2026-04-11T00:00:00.000Z,0
C0297,Retail,338,Osaka,40,web,2026-04-11T00:00:00.000Z,0
C0298,Healthcare,275,Fukuoka,43,referral,2026-04-11T00:00:00.000Z,0
C0299,Manufacturing,77,Tokyo,21,web,2026-04-11T00:00:00.000Z,1
C0300,Manufacturing,59,Fukuoka,1,web,2026-04-11T00:00:00.000Z,1
C0301,Healthcare,74,Osaka,23,event,2026-04-11T00:00:00.000Z,0
C0302,Retail,75,Tokyo,7,web,2026-04-11T00:00:00.000Z,1
C0303,Healthcare,273,Sapporo,21,referral,2026-04-11T00:00:00.000Z,1
C0304,Logistics,95,Osaka,9,webinar,2026-04-11T00:00:00.000Z,1
C0305,Manufacturing,71,Osaka,20,webinar,2026-04-11T00:00:00.000Z,1
C0306,Manufacturing,53,Fukuoka,11,web,2026-04-11T00:00:00.000Z,1
C0307,SaaS,205,Tokyo,9,web,2026-04-11T00:00:00.000Z,1
C0308,SaaS,75,Nagoya,42,webinar,2026-04-11T00:00:00.000Z,1
C0309,Logistics,290,Osaka,39,event,2026-04-11T00:00:00.000Z,0
C0310,Healthcare,74,Fukuoka,30,event,2026-04-11T00:00:00.000Z,1
C0311,Healthcare,60,Nagoya,34,event,2026-04-11T00:00:00.000Z,1
C0312,Logistics,59,Nagoya,22,referral,2026-04-11T00:00:00.000Z,1
C0313,SaaS,241,Sapporo,33,webinar,2026-04-11T00:00:00.000Z,1
C0314,Manufacturing,48,Tokyo,42,webinar,2026-04-11T00:00:00.000Z,1
C0315,Manufacturing,70,Osaka,30,event,2026-04-11T00:00:00.000Z,1
C0316,Manufacturing,71,Osaka,29,partner,2026-04-11T00:00:00.000Z,1
C0317,Retail,42,Tokyo,6,event,2026-04-11T00:00:00.000Z,0
C0318,Manufacturing,280,Tokyo,7,webinar,2026-04-11T00:00:00.000Z,1
C0319,Healthcare,142,Nagoya,38,partner,2026-04-11T00:00:00.000Z,0
C0320,Retail,83,Tokyo,20,webinar,2026-04-11T00:00:00.000Z,1
C0321,Manufacturing,39,Osaka,23,referral,2026-04-11T00:00:00.000Z,1
C0322,Retail,162,Fukuoka,43,web,2026-04-11T00:00:00.000Z,0
C0323,Logistics,119,Tokyo,19,webinar,2026-04-11T00:00:00.000Z,0
C0324,Manufacturing,29,Tokyo,39,event,2026-04-11T00:00:00.000Z,1
C0325,Manufacturing,302,Sapporo,34,partner,2026-04-11T00:00:00.000Z,0
C0326,SaaS,173,Osaka,30,web,2026-04-11T00:00:00.000Z,0
C0327,Manufacturing,31,Fukuoka,17,web,2026-04-11T00:00:00.000Z,0
C0328,SaaS,38,Nagoya,35,web,2026-04-11T00:00:00.000Z,1
C0329,SaaS,49,Fukuoka,14,webinar,2026-04-11T00:00:00.000Z,0
C0330,Retail,175,Osaka,40,web,2026-04-11T00:00:00.000Z,0
C0331,Manufacturing,39,Osaka,42,partner,2026-04-11T00:00:00.000Z,1
C0332,Logistics,235,Osaka,7,partner,2026-04-11T00:00:00.000Z,1
C0333,Manufacturing,11,Osaka,39,web,2026-04-11T00:00:00.000Z,1
C0334,Manufacturing,165,Tokyo,22,referral,2026-04-11T00:00:00.000Z,1
C0335,Manufacturing,236,Fukuoka,40,webinar,2026-04-11T00:00:00.000Z,1
C0336,Manufacturing,86,Fukuoka,10,webinar,2026-04-11T00:00:00.000Z,1
C0337,Healthcare,62,Tokyo,38,referral,2026-04-11T00:00:00.000Z,1
C0338,Retail,146,Nagoya,20,event,2026-04-11T00:00:00.000Z,0
C0339,Retail,137,Tokyo,32,referral,2026-04-11T00:00:00.000Z,0
C0340,SaaS,220,Fukuoka,25,referral,2026-04-11T00:00:00.000Z,0
C0341,Healthcare,122,Tokyo,22,partner,2026-04-11T00:00:00.000Z,1
C0342,Retail,139,Osaka,15,event,2026-04-11T00:00:00.000Z,0
C0343,SaaS,167,Tokyo,12,partner,2026-04-11T00:00:00.000Z,1
C0344,Healthcare,292,Sapporo,42,web,2026-04-11T00:00:00.000Z,1
C0345,Logistics,217,Fukuoka,23,web,2026-04-11T00:00:00.000Z,1
C0346,SaaS,244,Osaka,14,referral,2026-04-11T00:00:00.000Z,0
C0347,Retail,310,Tokyo,8,web,2026-04-11T00:00:00.000Z,1
C0348,Manufacturing,54,Osaka,33,partner,2026-04-11T00:00:00.000Z,1
C0349,Healthcare,117,Tokyo,41,partner,2026-04-11T00:00:00.000Z,1
C0350,SaaS,185,Fukuoka,35,referral,2026-04-11T00:00:00.000Z,0
C0351,Retail,280,Tokyo,8,web,2026-04-11T00:00:00.000Z,0
C0352,Healthcare,231,Sapporo,31,referral,2026-04-11T00:00:00.000Z,0
C0353,Manufacturing,75,Sapporo,8,referral,2026-04-11T00:00:00.000Z,1
C0354,SaaS,145,Nagoya,35,event,2026-04-11T00:00:00.000Z,0
C0355,Healthcare,157,Nagoya,8,partner,2026-04-11T00:00:00.000Z,0
C0356,Logistics,35,Sapporo,13,referral,2026-04-11T00:00:00.000Z,1
C0357,SaaS,91,Osaka,2,webinar,2026-04-11T00:00:00.000Z,1
C0358,Healthcare,361,Osaka,35,web,2026-04-11T00:00:00.000Z,0
C0359,Manufacturing,75,Tokyo,8,partner,2026-04-11T00:00:00.000Z,1
C0360,Manufacturing,59,Nagoya,16,event,2026-04-11T00:00:00.000Z,1
C0361,Manufacturing,32,Tokyo,17,webinar,2026-04-11T00:00:00.000Z,1
C0362,Manufacturing,257,Nagoya,33,webinar,2026-04-11T00:00:00.000Z,0
C0363,Manufacturing,38,Sapporo,37,web,2026-04-11T00:00:00.000Z,1
C0364,SaaS,83,Tokyo,7,event,2026-04-11T00:00:00.000Z,1
C0365,Manufacturing,156,Nagoya,38,event,2026-04-11T00:00:00.000Z,1
C0366,SaaS,228,Fukuoka,17,webinar,2026-04-11T00:00:00.000Z,1
C0367,Logistics,258,Osaka,41,webinar,2026-04-11T00:00:00.000Z,1
C0368,Manufacturing,76,Sapporo,34,referral,2026-04-11T00:00:00.000Z,1
C0369,Manufacturing,286,Tokyo,1,web,2026-04-11T00:00:00.000Z,1
C0370,Manufacturing,75,Fukuoka,19,webinar,2026-04-11T00:00:00.000Z,0
C0371,Healthcare,310,Tokyo,16,referral,2026-04-11T00:00:00.000Z,1
C0372,Logistics,122,Nagoya,2,web,2026-04-11T00:00:00.000Z,0
C0373,Manufacturing,33,Nagoya,20,partner,2026-04-11T00:00:00.000Z,0
C0374,SaaS,186,Fukuoka,27,referral,2026-04-11T00:00:00.000Z,0
C0375,SaaS,190,Osaka,36,partner,2026-04-11T00:00:00.000Z,1
C0376,Healthcare,240,Nagoya,40,webinar,2026-04-11T00:00:00.000Z,1
C0377,Manufacturing,30,Nagoya,26,webinar,2026-04-11T00:00:00.000Z,1
C0378,Manufacturing,49,Nagoya,38,referral,2026-04-11T00:00:00.000Z,1
C0379,Logistics,263,Fukuoka,19,partner,2026-04-11T00:00:00.000Z,1
C0380,Manufacturing,228,Nagoya,21,partner,2026-04-11T00:00:00.000Z,1
C0381,Healthcare,246,Nagoya,42,webinar,2026-04-11T00:00:00.000Z,1
C0382,Manufacturing,25,Osaka,36,partner,2026-04-11T00:00:00.000Z,1
C0383,Manufacturing,13,Nagoya,15,event,2026-04-11T00:00:00.000Z,0
C0384,Retail,375,Tokyo,3,partner,2026-04-11T00:00:00.000Z,0
C0385,Healthcare,48,Osaka,31,web,2026-04-11T00:00:00.000Z,0
C0386,Retail,194,Fukuoka,26,webinar,2026-04-11T00:00:00.000Z,0
C0387,Logistics,137,Tokyo,38,web,2026-04-11T00:00:00.000Z,0
C0388,Logistics,151,Tokyo,35,event,2026-04-11T00:00:00.000Z,0
C0389,Healthcare,242,Sapporo,3,web,2026-04-11T00:00:00.000Z,0
C0390,Logistics,185,Nagoya,31,web,2026-04-11T00:00:00.000Z,1
C0391,Manufacturing,16,Osaka,32,referral,2026-04-11T00:00:00.000Z,1
C0392,Retail,63,Tokyo,45,web,2026-04-11T00:00:00.000Z,0
C0393,Healthcare,356,Fukuoka,28,web,2026-04-11T00:00:00.000Z,0
C0394,Healthcare,258,Tokyo,2,webinar,2026-04-11T00:00:00.000Z,0
C0395,SaaS,232,Nagoya,9,partner,2026-04-11T00:00:00.000Z,1
C0396,SaaS,118,Nagoya,25,event,2026-04-11T00:00:00.000Z,0
C0397,SaaS,89,Nagoya,41,referral,2026-04-11T00:00:00.000Z,1
C0398,Healthcare,171,Tokyo,24,web,2026-04-11T00:00:00.000Z,1
C0399,Manufacturing,279,Fukuoka,28,partner,2026-04-11T00:00:00.000Z,1
C0400,SaaS,80,Tokyo,13,web,2026-04-11T00:00:00.000Z,1
C0401,SaaS,167,Sapporo,40,webinar,2026-04-11T00:00:00.000Z,0
C0402,Healthcare,318,Nagoya,43,web,2026-04-11T00:00:00.000Z,0
C0403,Logistics,270,Sapporo,13,web,2026-04-11T00:00:00.000Z,0
C0404,Logistics,147,Nagoya,14,referral,2026-04-11T00:00:00.000Z,1
C0405,SaaS,40,Osaka,28,referral,2026-04-11T00:00:00.000Z,1
C0406,Retail,284,Tokyo,40,web,2026-04-11T00:00:00.000Z,0
C0407,Retail,413,Tokyo,16,partner,2026-04-11T00:00:00.000Z,1
C0408,Logistics,159,Tokyo,40,web,2026-04-11T00:00:00.000Z,0
C0409,Manufacturing,70,Tokyo,41,referral,2026-04-11T00:00:00.000Z,1
C0410,SaaS,227,Nagoya,20,web,2026-04-11T00:00:00.000Z,0
C0411,SaaS,95,Osaka,5,web,2026-04-11T00:00:00.000Z,0
C0412,Manufacturing,51,Nagoya,15,webinar,2026-04-11T00:00:00.000Z,1
C0413,Retail,385,Osaka,40,referral,2026-04-11T00:00:00.000Z,0
C0414,Healthcare,91,Fukuoka,43,webinar,2026-04-11T00:00:00.000Z,1
C0415,Logistics,248,Osaka,30,referral,2026-04-11T00:00:00.000Z,0
C0416,Healthcare,229,Fukuoka,12,partner,2026-04-11T00:00:00.000Z,1
C0417,SaaS,166,Osaka,17,webinar,2026-04-11T00:00:00.000Z,0
C0418,SaaS,171,Fukuoka,5,webinar,2026-04-11T00:00:00.000Z,0
C0419,Retail,324,Sapporo,38,webinar,2026-04-11T00:00:00.000Z,1
C0420,Manufacturing,51,Osaka,9,webinar,2026-04-11T00:00:00.000Z,1
C0421,Healthcare,135,Nagoya,24,partner,2026-04-11T00:00:00.000Z,1
C0422,Retail,20,Nagoya,33,event,2026-04-11T00:00:00.000Z,1
C0423,Logistics,78,Fukuoka,25,referral,2026-04-11T00:00:00.000Z,1
C0424,Manufacturing,105,Osaka,44,web,2026-04-11T00:00:00.000Z,1
C0425,Retail,200,Sapporo,43,webinar,2026-04-11T00:00:00.000Z,0
C0426,Manufacturing,46,Fukuoka,37,partner,2026-04-11T00:00:00.000Z,1
C0427,Logistics,143,Tokyo,43,web,2026-04-11T00:00:00.000Z,0
C0428,Manufacturing,29,Sapporo,34,web,2026-04-11T00:00:00.000Z,1
C0429,Manufacturing,87,Osaka,15,webinar,2026-04-11T00:00:00.000Z,1
C0430,Retail,419,Fukuoka,44,partner,2026-04-11T00:00:00.000Z,0
C0431,SaaS,197,Sapporo,34,referral,2026-04-11T00:00:00.000Z,0
C0432,Retail,155,Osaka,34,web,2026-04-11T00:00:00.000Z,1
C0433,Healthcare,88,Osaka,34,web,2026-04-11T00:00:00.000Z,0
C0434,Logistics,54,Osaka,10,webinar,2026-04-11T00:00:00.000Z,1
C0435,Retail,113,Osaka,42,event,2026-04-11T00:00:00.000Z,1
C0436,Manufacturing,163,Osaka,23,event,2026-04-11T00:00:00.000Z,1
C0437,Retail,160,Osaka,45,referral,2026-04-11T00:00:00.000Z,1
C0438,Manufacturing,70,Nagoya,22,referral,2026-04-11T00:00:00.000Z,1
C0439,Retail,322,Osaka,39,event,2026-04-11T00:00:00.000Z,0
C0440,Retail,404,Fukuoka,20,web,2026-04-11T00:00:00.000Z,0
C0441,SaaS,131,Nagoya,9,webinar,2026-04-11T00:00:00.000Z,1
C0442,Healthcare,348,Tokyo,43,webinar,2026-04-11T00:00:00.000Z,1
C0443,Logistics,100,Nagoya,37,referral,2026-04-11T00:00:00.000Z,0
C0444,Manufacturing,243,Tokyo,3,webinar,2026-04-11T00:00:00.000Z,1
C0445,Manufacturing,27,Fukuoka,16,web,2026-04-11T00:00:00.000Z,1
C0446,SaaS,70,Nagoya,10,web,2026-04-11T00:00:00.000Z,1
C0447,SaaS,200,Fukuoka,20,web,2026-04-11T00:00:00.000Z,0
C0448,Healthcare,323,Fukuoka,44,web,2026-04-11T00:00:00.000Z,0
C0449,Manufacturing,220,Tokyo,7,web,2026-04-11T00:00:00.000Z,1
C0450,Healthcare,374,Osaka,13,web,2026-04-11T00:00:00.000Z,1
C0451,Manufacturing,36,Nagoya,32,webinar,2026-04-11T00:00:00.000Z,1
C0452,Retail,62,Fukuoka,13,partner,2026-04-11T00:00:00.000Z,1
C0453,Manufacturing,86,Fukuoka,24,web,2026-04-11T00:00:00.000Z,1
C0454,Logistics,224,Fukuoka,37,partner,2026-04-11T00:00:00.000Z,0
C0455,Logistics,225,Tokyo,37,event,2026-04-11T00:00:00.000Z,1
C0456,Retail,131,Sapporo,45,webinar,2026-04-11T00:00:00.000Z,1
C0457,Healthcare,88,Fukuoka,39,webinar,2026-04-11T00:00:00.000Z,1
C0458,Manufacturing,46,Sapporo,30,event,2026-04-11T00:00:00.000Z,0
C0459,Logistics,112,Osaka,7,event,2026-04-11T00:00:00.000Z,0
C0460,Manufacturing,13,Osaka,12,referral,2026-04-11T00:00:00.000Z,1
C0461,SaaS,109,Sapporo,17,web,2026-04-11T00:00:00.000Z,1
C0462,SaaS,208,Nagoya,20,partner,2026-04-11T00:00:00.000Z,0
C0463,Logistics,191,Sapporo,15,referral,2026-04-11T00:00:00.000Z,0
C0464,SaaS,260,Tokyo,17,partner,2026-04-11T00:00:00.000Z,1
C0465,Manufacturing,53,Tokyo,20,webinar,2026-04-11T00:00:00.000Z,1
C0466,SaaS,230,Osaka,31,event,2026-04-11T00:00:00.000Z,0
C0467,Retail,258,Tokyo,37,webinar,2026-04-11T00:00:00.000Z,0
C0468,Manufacturing,239,Osaka,29,partner,2026-04-11T00:00:00.000Z,1
C0469,Logistics,181,Tokyo,10,web,2026-04-11T00:00:00.000Z,0
C0470,SaaS,69,Tokyo,28,web,2026-04-11T00:00:00.000Z,1
C0471,Manufacturing,87,Osaka,2,partner,2026-04-11T00:00:00.000Z,1
C0472,Manufacturing,43,Fukuoka,42,web,2026-04-11T00:00:00.000Z,1
C0473,Logistics,128,Osaka,13,webinar,2026-04-11T00:00:00.000Z,1
C0474,Manufacturing,281,Tokyo,10,webinar,2026-04-11T00:00:00.000Z,1
C0475,Logistics,290,Sapporo,43,webinar,2026-04-11T00:00:00.000Z,0
C0476,SaaS,176,Tokyo,40,web,2026-04-11T00:00:00.000Z,1
C0477,Retail,129,Nagoya,6,webinar,2026-04-11T00:00:00.000Z,1
C0478,Manufacturing,35,Osaka,36,referral,2026-04-11T00:00:00.000Z,1
C0479,Manufacturing,299,Nagoya,30,webinar,2026-04-11T00:00:00.000Z,0
C0480,Logistics,56,Tokyo,35,partner,2026-04-11T00:00:00.000Z,1
C0481,Manufacturing,71,Osaka,3,webinar,2026-04-11T00:00:00.000Z,1
C0482,Manufacturing,28,Sapporo,32,partner,2026-04-11T00:00:00.000Z,0
C0483,SaaS,252,Fukuoka,28,partner,2026-04-11T00:00:00.000Z,0
C0484,Manufacturing,118,Fukuoka,10,referral,2026-04-11T00:00:00.000Z,1
C0485,Healthcare,271,Fukuoka,13,web,2026-04-11T00:00:00.000Z,0
C0486,Healthcare,227,Tokyo,4,referral,2026-04-11T00:00:00.000Z,1
C0487,Manufacturing,221,Osaka,43,web,2026-04-11T00:00:00.000Z,1
C0488,Manufacturing,70,Fukuoka,22,web,2026-04-11T00:00:00.000Z,0
C0489,Manufacturing,69,Nagoya,22,webinar,2026-04-11T00:00:00.000Z,1
C0490,Healthcare,191,Fukuoka,4,partner,2026-04-11T00:00:00.000Z,0
C0491,Healthcare,52,Osaka,31,webinar,2026-04-11T00:00:00.000Z,1
C0492,Logistics,216,Fukuoka,21,event,2026-04-11T00:00:00.000Z,0
C0493,Healthcare,63,Nagoya,7,partner,2026-04-11T00:00:00.000Z,1
C0494,Manufacturing,39,Nagoya,16,webinar,2026-04-11T00:00:00.000Z,1
C0495,SaaS,190,Osaka,26,event,2026-04-11T00:00:00.000Z,0
C0496,SaaS,206,Osaka,13,web,2026-04-11T00:00:00.000Z,1
C0497,Logistics,197,Osaka,24,referral,2026-04-11T00:00:00.000Z,1
C0498,SaaS,223,Tokyo,30,referral,2026-04-11T00:00:00.000Z,1
C0499,Manufacturing,307,Fukuoka,31,partner,2026-04-11T00:00:00.000Z,0
C0500,Healthcare,303,Osaka,25,referral,2026-04-11T00:00:00.000Z,0
C0501,Manufacturing,45,Nagoya,17,webinar,2026-04-11T00:00:00.000Z,1
C0502,Healthcare,356,Tokyo,31,event,2026-04-11T00:00:00.000Z,0
C0503,SaaS,149,Tokyo,24,partner,2026-04-11T00:00:00.000Z,0
C0504,SaaS,131,Fukuoka,45,webinar,2026-04-11T00:00:00.000Z,1
C0505,SaaS,45,Nagoya,19,web,2026-04-11T00:00:00.000Z,1
C0506,Healthcare,240,Osaka,35,web,2026-04-11T00:00:00.000Z,0
C0507,Manufacturing,125,Nagoya,30,web,2026-04-11T00:00:00.000Z,1
C0508,Logistics,277,Osaka,29,event,2026-04-11T00:00:00.000Z,0
C0509,Logistics,144,Osaka,6,event,2026-04-11T00:00:00.000Z,0
C0510,Manufacturing,126,Osaka,20,event,2026-04-11T00:00:00.000Z,1
C0511,Logistics,260,Osaka,41,web,2026-04-11T00:00:00.000Z,0
C0512,Manufacturing,9,Sapporo,36,web,2026-04-11T00:00:00.000Z,0
C0513,Manufacturing,84,Nagoya,18,partner,2026-04-11T00:00:00.000Z,1
C0514,Manufacturing,62,Osaka,42,event,2026-04-11T00:00:00.000Z,1
C0515,Retail,356,Tokyo,38,referral,2026-04-11T00:00:00.000Z,0
C0516,Manufacturing,216,Fukuoka,19,webinar,2026-04-11T00:00:00.000Z,1
C0517,Healthcare,73,Sapporo,35,partner,2026-04-11T00:00:00.000Z,0
C0518,Healthcare,156,Nagoya,27,web,2026-04-11T00:00:00.000Z,1
C0519,Healthcare,287,Fukuoka,27,partner,2026-04-11T00:00:00.000Z,0
C0520,Healthcare,302,Tokyo,5,event,2026-04-11T00:00:00.000Z,0
C0521,Retail,75,Tokyo,5,event,2026-04-11T00:00:00.000Z,0
C0522,Manufacturing,64,Fukuoka,14,web,2026-04-11T00:00:00.000Z,1
C0523,Manufacturing,157,Tokyo,35,web,2026-04-11T00:00:00.000Z,1
C0524,SaaS,72,Tokyo,8,webinar,2026-04-11T00:00:00.000Z,0
C0525,SaaS,32,Osaka,25,partner,2026-04-11T00:00:00.000Z,1
C0526,SaaS,44,Sapporo,25,partner,2026-04-11T00:00:00.000Z,1
C0527,Retail,236,Osaka,30,event,2026-04-11T00:00:00.000Z,0
C0528,Healthcare,290,Tokyo,30,event,2026-04-11T00:00:00.000Z,0
C0529,Logistics,36,Fukuoka,12,partner,2026-04-11T00:00:00.000Z,0
C0530,Manufacturing,141,Nagoya,7,webinar,2026-04-11T00:00:00.000Z,0
C0531,Logistics,152,Fukuoka,42,web,2026-04-11T00:00:00.000Z,0
C0532,Manufacturing,58,Osaka,23,webinar,2026-04-11T00:00:00.000Z,1
C0533,Healthcare,124,Osaka,9,web,2026-04-11T00:00:00.000Z,0
C0534,SaaS,117,Nagoya,25,web,2026-04-11T00:00:00.000Z,1
C0535,SaaS,142,Fukuoka,21,webinar,2026-04-11T00:00:00.000Z,1
C0536,SaaS,196,Osaka,40,webinar,2026-04-11T00:00:00.000Z,0
C0537,Logistics,232,Tokyo,8,partner,2026-04-11T00:00:00.000Z,1
C0538,Manufacturing,25,Osaka,6,web,2026-04-11T00:00:00.000Z,0
C0539,Logistics,241,Tokyo,43,webinar,2026-04-11T00:00:00.000Z,0
C0540,Healthcare,71,Fukuoka,17,partner,2026-04-11T00:00:00.000Z,1
C0541,Healthcare,272,Osaka,33,partner,2026-04-11T00:00:00.000Z,0
C0542,Manufacturing,71,Nagoya,18,web,2026-04-11T00:00:00.000Z,1
C0543,Healthcare,116,Osaka,4,referral,2026-04-11T00:00:00.000Z,1
C0544,Manufacturing,79,Osaka,27,referral,2026-04-11T00:00:00.000Z,1
C0545,Logistics,66,Fukuoka,1,web,2026-04-11T00:00:00.000Z,0
C0546,Retail,392,Fukuoka,18,event,2026-04-11T00:00:00.000Z,0
C0547,Healthcare,225,Osaka,2,referral,2026-04-11T00:00:00.000Z,0
C0548,Manufacturing,304,Nagoya,24,referral,2026-04-11T00:00:00.000Z,0
C0549,Manufacturing,27,Tokyo,14,web,2026-04-11T00:00:00.000Z,1
C0550,Retail,230,Fukuoka,16,web,2026-04-11T00:00:00.000Z,1
C0551,SaaS,37,Tokyo,5,webinar,2026-04-11T00:00:00.000Z,1
C0552,SaaS,64,Nagoya,20,partner,2026-04-11T00:00:00.000Z,1
C0553,Manufacturing,41,Sapporo,38,web,2026-04-11T00:00:00.000Z,1
C0554,Retail,25,Sapporo,35,web,2026-04-11T00:00:00.000Z,1
C0555,Manufacturing,88,Sapporo,43,partner,2026-04-11T00:00:00.000Z,1
C0556,Healthcare,334,Osaka,37,partner,2026-04-11T00:00:00.000Z,1
C0557,SaaS,134,Nagoya,15,partner,2026-04-11T00:00:00.000Z,1
C0558,SaaS,99,Tokyo,25,web,2026-04-11T00:00:00.000Z,1
C0559,Manufacturing,73,Sapporo,26,partner,2026-04-11T00:00:00.000Z,1
C0560,Manufacturing,63,Tokyo,8,webinar,2026-04-11T00:00:00.000Z,1
C0561,Healthcare,211,Tokyo,1,web,2026-04-11T00:00:00.000Z,0
C0562,Manufacturing,82,Tokyo,24,referral,2026-04-11T00:00:00.000Z,1
C0563,Logistics,44,Nagoya,28,referral,2026-04-11T00:00:00.000Z,1
C0564,Healthcare,269,Nagoya,7,webinar,2026-04-11T00:00:00.000Z,0
C0565,Manufacturing,30,Nagoya,15,webinar,2026-04-11T00:00:00.000Z,0
C0566,Manufacturing,27,Tokyo,14,web,2026-04-11T00:00:00.000Z,1
C0567,Manufacturing,79,Fukuoka,2,web,2026-04-11T00:00:00.000Z,0
C0568,Retail,349,Osaka,32,web,2026-04-11T00:00:00.000Z,0
C0569,Retail,167,Tokyo,11,webinar,2026-04-11T00:00:00.000Z,0
C0570,Healthcare,205,Fukuoka,33,event,2026-04-11T00:00:00.000Z,1
C0571,Retail,37,Fukuoka,26,webinar,2026-04-11T00:00:00.000Z,1
C0572,Retail,161,Tokyo,17,web,2026-04-11T00:00:00.000Z,1
C0573,SaaS,167,Osaka,21,referral,2026-04-11T00:00:00.000Z,0
C0574,SaaS,77,Sapporo,18,referral,2026-04-11T00:00:00.000Z,1
C0575,Retail,321,Tokyo,8,web,2026-04-11T00:00:00.000Z,0
C0576,Manufacturing,123,Sapporo,34,referral,2026-04-11T00:00:00.000Z,0
C0577,Manufacturing,60,Sapporo,25,referral,2026-04-11T00:00:00.000Z,0
C0578,Manufacturing,66,Sapporo,30,web,2026-04-11T00:00:00.000Z,0
C0579,Manufacturing,230,Osaka,42,webinar,2026-04-11T00:00:00.000Z,1
C0580,Retail,215,Tokyo,13,web,2026-04-11T00:00:00.000Z,0
C0581,Manufacturing,36,Tokyo,38,event,2026-04-11T00:00:00.000Z,1
C0582,Manufacturing,62,Tokyo,8,partner,2026-04-11T00:00:00.000Z,1
C0583,Manufacturing,77,Fukuoka,10,webinar,2026-04-11T00:00:00.000Z,1
C0584,SaaS,166,Osaka,7,web,2026-04-11T00:00:00.000Z,0
C0585,SaaS,68,Tokyo,14,event,2026-04-11T00:00:00.000Z,0
C0586,Healthcare,193,Nagoya,37,web,2026-04-11T00:00:00.000Z,0
C0587,Manufacturing,267,Fukuoka,10,referral,2026-04-11T00:00:00.000Z,1
C0588,Manufacturing,217,Fukuoka,10,partner,2026-04-11T00:00:00.000Z,1
C0589,Manufacturing,98,Tokyo,14,event,2026-04-11T00:00:00.000Z,1
C0590,SaaS,198,Osaka,4,webinar,2026-04-11T00:00:00.000Z,1
C0591,Manufacturing,67,Osaka,5,referral,2026-04-11T00:00:00.000Z,1
C0592,Retail,242,Fukuoka,35,web,2026-04-11T00:00:00.000Z,0
C0593,SaaS,38,Fukuoka,27,referral,2026-04-11T00:00:00.000Z,1
C0594,SaaS,151,Tokyo,37,partner,2026-04-11T00:00:00.000Z,1
C0595,Manufacturing,38,Osaka,23,event,2026-04-11T00:00:00.000Z,1
C0596,Manufacturing,32,Tokyo,8,event,2026-04-11T00:00:00.000Z,1
C0597,SaaS,53,Tokyo,10,referral,2026-04-11T00:00:00.000Z,0
C0598,Retail,317,Nagoya,19,event,2026-04-11T00:00:00.000Z,0
C0599,SaaS,199,Tokyo,4,webinar,2026-04-11T00:00:00.000Z,1
C0600,SaaS,161,Osaka,23,partner,2026-04-11T00:00:00.000Z,1
